"Status","Start Time","Stop Time","Duration in ms","Parent Suite","Suite","Sub Suite","Test Class","Test Method","Name","Description"
"passed","Wed Oct 07 10:52:17 UTC 2026","Wed Oct 07 10:52:22 UTC 2026","4567","","qa.autotest.tests.checkout.CheckoutFlowTests","","qa.autotest.tests.checkout.CheckoutFlowTests","testCheckoutTotalCalculation","TC-025: Проверка корректности расчета общей суммы заказа",""
"passed","Wed Oct 07 10:52:28 UTC 2026","Wed Oct 07 10:52:29 UTC 2026","1690","","qa.autotest.tests.checkout.CheckoutFlowTests","","qa.autotest.tests.checkout.CheckoutFlowTests","testCancelOnCheckoutInfoPage","TC-027: Кнопка Cancel на странице информации о покупателе",""
"passed","Wed Oct 07 10:51:37 UTC 2026","Wed Oct 07 10:52:06 UTC 2026","28462","","qa.autotest.tests.login.LoginSuccessTests","","qa.autotest.tests.login.LoginSuccessTests","testSuccessfulLoginWithStandardUser","TC-001: Успешная авторизация со стандартным пользователем","Verify that user can login with valid standard user credentials"
"passed","Wed Oct 07 10:52:17 UTC 2026","Wed Oct 07 10:52:19 UTC 2026","2825","","qa.autotest.tests.inventory.InventorySortingTests","","qa.autotest.tests.inventory.InventorySortingTests","testSortByPriceHighToLow","TC-010: Сортировка товаров по цене (High to Low)",""
"passed","Wed Oct 07 10:52:13 UTC 2026","Wed Oct 07 10:52:17 UTC 2026","4101","","qa.autotest.tests.checkout.CheckoutFlowTests","","qa.autotest.tests.checkout.CheckoutFlowTests","testCheckoutWithoutZipCode","TC-024: Попытка продолжить чекаут без заполнения Zip Code",""
"passed","Wed Oct 07 10:52:13 UTC 2026","Wed Oct 07 10:52:16 UTC 2026","2711","","qa.autotest.tests.cart.CartOperationsTests","","qa.autotest.tests.cart.CartOperationsTests","testNavigateToCart","TC-016: Переход в корзину через иконку корзины",""
"passed","Wed Oct 07 10:52:25 UTC 2026","Wed Oct 07 10:52:27 UTC 2026","1870","","qa.autotest.tests.cart.CartOperationsTests","","qa.autotest.tests.cart.CartOperationsTests","testContinueShopping","TC-019: Кнопка 'Continue Shopping' в корзине",""
"passed","Wed Oct 07 10:52:10 UTC 2026","Wed Oct 07 10:52:13 UTC 2026","3136","","qa.autotest.tests.cart.CartOperationsTests","","qa.autotest.tests.cart.CartOperationsTests","testAddProductFromDetailsPage","TC-013: Добавление товара в корзину со страницы детальной информации",""
"passed","Wed Oct 07 10:52:19 UTC 2026","Wed Oct 07 10:52:22 UTC 2026","3009","","qa.autotest.tests.inventory.InventorySortingTests","","qa.autotest.tests.inventory.InventorySortingTests","testSortByNameDescending","TC-008: Сортировка товаров по имени (Z to A)",""
"passed","Wed Oct 07 10:52:11 UTC 2026","Wed Oct 07 10:52:14 UTC 2026","2798","","qa.autotest.tests.login.LoginFailureTests","","qa.autotest.tests.login.LoginFailureTests","testLoginWithInvalidUsername","TC-002: Авторизация с невалидным username",""
"passed","Wed Oct 07 10:52:08 UTC 2026","Wed Oct 07 10:52:11 UTC 2026","2919","","qa.autotest.tests.login.LoginFailureTests","","qa.autotest.tests.login.LoginFailureTests","testLoginWithInvalidPassword","TC-003: Авторизация с невалидным password",""
"passed","Wed Oct 07 10:52:12 UTC 2026","Wed Oct 07 10:52:17 UTC 2026","5011","","qa.autotest.tests.navigation.NavigationTests","","qa.autotest.tests.navigation.NavigationTests","testResetAppState","TC-030: Сброс состояния приложения через Reset App State",""
"passed","Wed Oct 07 10:52:27 UTC 2026","Wed Oct 07 10:52:29 UTC 2026","1883","","qa.autotest.tests.cart.CartOperationsTests","","qa.autotest.tests.cart.CartOperationsTests","testCartDisplaysProducts","TC-017: Отображение товаров в корзине",""
"passed","Wed Oct 07 10:52:25 UTC 2026","Wed Oct 07 10:52:28 UTC 2026","2353","","qa.autotest.tests.checkout.CheckoutFlowTests","","qa.autotest.tests.checkout.CheckoutFlowTests","testCheckoutWithoutFirstName","TC-022: Попытка продолжить чекаут без заполнения First Name",""
"passed","Wed Oct 07 10:51:36 UTC 2026","Wed Oct 07 10:52:08 UTC 2026","31102","","qa.autotest.tests.navigation.NavigationTests","","qa.autotest.tests.navigation.NavigationTests","testNavigateToAllItems","TC-020: Навигация 'All Items' в бургер-меню",""
"passed","Wed Oct 07 10:52:19 UTC 2026","Wed Oct 07 10:52:23 UTC 2026","3563","","qa.autotest.tests.cart.CartOperationsTests","","qa.autotest.tests.cart.CartOperationsTests","testRemoveProductFromCartPage","TC-018: Удаление товара из корзины на странице корзины",""
"passed","Wed Oct 07 10:52:22 UTC 2026","Wed Oct 07 10:52:25 UTC 2026","3640","","qa.autotest.tests.checkout.CheckoutFlowTests","","qa.autotest.tests.checkout.CheckoutFlowTests","testCompleteCheckout","TC-026: Завершение покупки (кнопка Finish)",""
"passed","Wed Oct 07 10:52:06 UTC 2026","Wed Oct 07 10:52:10 UTC 2026","3950","","qa.autotest.tests.cart.CartOperationsTests","","qa.autotest.tests.cart.CartOperationsTests","testAddMultipleProductsToCart","TC-015: Добавление нескольких товаров в корзину",""
"passed","Wed Oct 07 10:52:17 UTC 2026","Wed Oct 07 10:52:20 UTC 2026","2933","","qa.autotest.tests.inventory.InventoryDisplayTests","","qa.autotest.tests.inventory.InventoryDisplayTests","testNavigateToProductDetails","TC-011: Переход на страницу детальной информации о товаре",""
"passed","Wed Oct 07 10:51:36 UTC 2026","Wed Oct 07 10:52:05 UTC 2026","29129","","qa.autotest.tests.login.LoginFailureTests","","qa.autotest.tests.login.LoginFailureTests","testLoginWithLockedUser","TC-005: Авторизация с заблокированным пользователем",""
"passed","Wed Oct 07 10:52:23 UTC 2026","Wed Oct 07 10:52:25 UTC 2026","2247","","qa.autotest.tests.cart.CartOperationsTests","","qa.autotest.tests.cart.CartOperationsTests","testRemoveProductFromInventory","TC-014: Удаление товара из корзины через каталог",""
"passed","Wed Oct 07 10:52:16 UTC 2026","Wed Oct 07 10:52:19 UTC 2026","3304","","qa.autotest.tests.cart.CartOperationsTests","","qa.autotest.tests.cart.CartOperationsTests","testAddProductToCart","TC-012: Добавление товара в корзину из каталога",""
"passed","Wed Oct 07 10:52:14 UTC 2026","Wed Oct 07 10:52:16 UTC 2026","2428","","qa.autotest.tests.inventory.InventorySortingTests","","qa.autotest.tests.inventory.InventorySortingTests","testSortByPriceLowToHigh","TC-009: Сортировка товаров по цене (Low to High)",""
"passed","Wed Oct 07 10:52:08 UTC 2026","Wed Oct 07 10:52:12 UTC 2026","4363","","qa.autotest.tests.navigation.NavigationTests","","qa.autotest.tests.navigation.NavigationTests","testLogoutThroughBurgerMenu","TC-029: Logout через бургер-меню",""
"passed","Wed Oct 07 10:52:22 UTC 2026","Wed Oct 07 10:52:25 UTC 2026","2381","","qa.autotest.tests.inventory.InventorySortingTests","","qa.autotest.tests.inventory.InventorySortingTests","testSortByNameAscending","TC-007: Сортировка товаров по имени (A to Z)",""
"passed","Wed Oct 07 10:52:20 UTC 2026","Wed Oct 07 10:52:23 UTC 2026","2814","","qa.autotest.tests.inventory.InventoryDisplayTests","","qa.autotest.tests.inventory.InventoryDisplayTests","testAllProductsDisplayed","TC-006: Отображение всех товаров на странице каталога",""
"passed","Wed Oct 07 10:52:05 UTC 2026","Wed Oct 07 10:52:08 UTC 2026","3151","","qa.autotest.tests.login.LoginFailureTests","","qa.autotest.tests.login.LoginFailureTests","testLoginWithEmptyFields","TC-004: Авторизация с пустыми полями",""
"passed","Wed Oct 07 10:52:29 UTC 2026","Wed Oct 07 10:52:31 UTC 2026","1911","","qa.autotest.tests.checkout.CheckoutFlowTests","","qa.autotest.tests.checkout.CheckoutFlowTests","testCancelOnCheckoutOverviewPage","TC-028: Кнопка Cancel на странице обзора заказа",""
"passed","Wed Oct 07 10:52:08 UTC 2026","Wed Oct 07 10:52:13 UTC 2026","4740","","qa.autotest.tests.checkout.CheckoutFlowTests","","qa.autotest.tests.checkout.CheckoutFlowTests","testCheckoutWithoutLastName","TC-023: Попытка продолжить чекаут без заполнения Last Name",""
"passed","Wed Oct 07 10:51:37 UTC 2026","Wed Oct 07 10:52:08 UTC 2026","30938","","qa.autotest.tests.checkout.CheckoutFlowTests","","qa.autotest.tests.checkout.CheckoutFlowTests","testCheckoutWithValidInformation","TC-021: Заполнение информации о покупателе с валидными данными",""
